uniq_id,product_name,manufacturer,price,number_available_in_stock
eac7efa5dbd3d667f26eb3d3ab504464,Hornby 2014 Catalogue,Hornby,Â£3.42,5Â new
b17540ef7e86e461d37f3ae58b7b72ac,FunkyBuysÂ® Large Christmas Holiday Express Festive Train Set (SI-TY1017) Toy Light / Sounds / Battery Operated & Smoke,FunkyBuys,Â£16.99,
348f344247b0c1a935b1223072ef9d8a,CLASSIC TOY TRAIN SET TRACK CARRIAGES LIGHT ENGINE BOXED BOYS KIDS BATTERY,ccf,Â£9.99,2Â new
e12b92dbb8eaee78b22965d2a9bbbd9f,HORNBY Coach R4410A BR Hawksworth Corridor 3rd,Hornby,Â£39.99,
e33a9adeed5f36840ccc227db4682a36,Hornby 00 Gauge 0-4-0 Gildenlow Salt Co. Steam Locomotive Model,Hornby,Â£32.19,
cb34f0a84102c1ebc3ef6892d7444d36,20pcs Model Garden Light Double Heads Lamppost Scale 1:100,Generic,Â£6.99,
f74b562470571dfb689324adf236f82c,Hornby 00 Gauge 230mm BR Bogie Passenger Brake Coach Model (Red),Hornby,Â£24.99,
87bbb472ef9d90dcef140a551665c929,Hornby Santa's Express Train Set,Hornby,Â£69.93,3Â new
7e2aa2b4596a39ba852449718413d7cc,Hornby Gauge Western Express Digital Train Set with eLink and TTS Loco Train Set,Hornby,Â£235.58,4Â new
5afbaf65680c9f378af5b3a3ae22427e,Learning Curve Chuggington Interactive Chatsworth,Chuggington,,1Â new
5c76389a8c302c6d7d6e179393031b97,Hornby Gauge Railroad Mosley Tarmacadam Locomotive,Hornby,Â£27.49,6Â new
878048c41f3c249badb3704e160b4c6e,Kato (USA) 176-1308 F3B Denver & Rio Grande Western,Kato (USA),Â£273.60,
f910c6542ededa5abf81787c0fd87c99,Bachmann 37-662 14 Ton Tank Wagon Pease & Partners Red,Bachmann,Â£9.60,2Â new
03a35de3f7af9814978e6de645cb8ffa,Hornby 00 Gauge 253mm Weathered Paviland Grange Steam Locomotive Train Model,Hornby,Â£119.50,2Â new
c68c3ae3b0ea3146beae99f3d4a6997c,Kato 3060-2 EF65 500 (F Model) Electric Locomotive,Kato,,18Â new
d27964f50577db8e46f2069b050c62c6,Glacier Express of N gauge 10-1219 Alps [UNESCO paint color] 7 Car Set,Kato,,12Â new
c3b2f6ec9cf6250c960c26ee8ad33509,Power Trains Freight Industrial (Pack of 4),Power Trains,,2Â new
e9ef14a0253f074343b5441540d8471f,Chuggington Interactive Wash and Fuel Set with Brewster Train Toy,Chuggington,,1Â used
0ca63377ca8015e585efa1d418f04756,Kumoyuni 74-0 Shonan Color (Model Train),Kato,Â£17.08,26Â new
